{
    "normals":[1,-0,-0,0,1,-0,-1,-0,-0,0,-1,0,0,-0,-1,0,0,1],
    "vertices":[-1,-1,1,-1,1,1,-1,-1,-1,-1,1,-1,1,-1,1,1,1,1,1,-1,-1,1,1,-1],
    "uvs":[[1.01164,0.997689,1.01164,-0.00211,2.01144,-0.002111,2.01144,0.99769,3.01124,-0.002111,3.01124,0.99769,4.01104,-0.00211,4.01104,0.99769,0.011842,0.99769,0.011841,-0.00211,0.000911,0.000877,0.017289,0.000877,0.017289,0.017256,0.000911,0.017256,0.001839,0.982746,0.01729,0.982746,0.01729,0.998196,0.001839,0.998196]],
    "metadata":{
        "version":3,
        "generator":"io_three",
        "normals":6,
        "vertices":8,
        "uvs":1,
        "type":"Geometry",
        "faces":6
    },
    "name":"Cube.001Geometry.3",
    "faces":[41,1,0,2,3,0,1,2,3,0,0,0,0,41,3,2,6,7,3,2,4,5,1,1,1,1,41,7,6,4,5,5,4,6,7,2,2,2,2,41,0,1,5,4,1,0,8,9,3,3,3,3,41,0,4,6,2,10,11,12,13,4,4,4,4,41,5,1,3,7,14,15,16,17,5,5,5,5]
}